
{
  "header": {
    "reportVersion": 1,
    "event": "Allocation failed - JavaScript heap out of memory",
    "trigger": "FatalError",
    "filename": "report.20191117.220051.217220.0.001.json",
    "dumpEventTime": "2019-11-17T22:00:51Z",
    "dumpEventTimeStamp": "1573999251196",
    "processId": 217220,
    "cwd": "C:\\vipdata\\prepare3\\2019graphql\\client",
    "commandLine": [
      "node",
      "C:\\vipdata\\prepare3\\2019graphql\\client\\node_modules\\_react-scripts@3.2.0@react-scripts\\scripts\\start.js"
    ],
    "nodejsVersion": "v12.8.0",
    "wordSize": 64,
    "arch": "x64",
    "platform": "win32",
    "componentVersions": {
      "node": "12.8.0",
      "v8": "7.5.288.22-node.16",
      "uv": "1.30.1",
      "zlib": "1.2.11",
      "brotli": "1.0.7",
      "ares": "1.15.0",
      "modules": "72",
      "nghttp2": "1.39.1",
      "napi": "4",
      "llhttp": "1.1.4",
      "http_parser": "2.8.0",
      "openssl": "1.1.1c",
      "cldr": "35.1",
      "icu": "64.2",
      "tz": "2019a",
      "unicode": "12.1"
    },
    "release": {
      "name": "node",
      "headersUrl": "https://nodejs.org/download/release/v12.8.0/node-v12.8.0-headers.tar.gz",
      "sourceUrl": "https://nodejs.org/download/release/v12.8.0/node-v12.8.0.tar.gz",
      "libUrl": "https://nodejs.org/download/release/v12.8.0/win-x64/node.lib"
    },
    "osName": "Windows_NT",
    "osRelease": "10.0.18362",
    "osVersion": "Windows 10 Home China",
    "osMachine": "x86_64",
    "cpus": [
      {
        "model": "Intel(R) Core(TM) i7-8550U CPU @ 1.80GHz",
        "speed": 1992,
        "user": 6417234,
        "nice": 0,
        "sys": 7006125,
        "idle": 32310015,
        "irq": 1179968
      },
      {
        "model": "Intel(R) Core(TM) i7-8550U CPU @ 1.80GHz",
        "speed": 1992,
        "user": 3629890,
        "nice": 0,
        "sys": 4777890,
        "idle": 37324921,
        "irq": 29546
      },
      {
        "model": "Intel(R) Core(TM) i7-8550U CPU @ 1.80GHz",
        "speed": 1992,
        "user": 7228921,
        "nice": 0,
        "sys": 4202375,
        "idle": 34301406,
        "irq": 56093
      },
      {
        "model": "Intel(R) Core(TM) i7-8550U CPU @ 1.80GHz",
        "speed": 1992,
        "user": 5087453,
        "nice": 0,
        "sys": 2648234,
        "idle": 37997015,
        "irq": 42375
      },
      {
        "model": "Intel(R) Core(TM) i7-8550U CPU @ 1.80GHz",
        "speed": 1992,
        "user": 7018156,
        "nice": 0,
        "sys": 4249031,
        "idle": 34465515,
        "irq": 46515
      },
      {
        "model": "Intel(R) Core(TM) i7-8550U CPU @ 1.80GHz",
        "speed": 1992,
        "user": 6206875,
        "nice": 0,
        "sys": 3079687,
        "idle": 36446125,
        "irq": 28703
      },
      {
        "model": "Intel(R) Core(TM) i7-8550U CPU @ 1.80GHz",
        "speed": 1992,
        "user": 8458468,
        "nice": 0,
        "sys": 3567312,
        "idle": 33706906,
        "irq": 29843
      },
      {
        "model": "Intel(R) Core(TM) i7-8550U CPU @ 1.80GHz",
        "speed": 1992,
        "user": 7982343,
        "nice": 0,
        "sys": 4584812,
        "idle": 33165531,
        "irq": 22078
      }
    ],
    "networkInterfaces": [
      {
        "name": "以太网 2",
        "internal": false,
        "mac": "00:e0:4c:70:4d:32",
        "address": "fe80::2d55:176e:f138:86ca",
        "netmask": "ffff:ffff:ffff:ffff::",
        "family": "IPv6",
        "scopeid": 11
      },
      {
        "name": "以太网 2",
        "internal": false,
        "mac": "00:e0:4c:70:4d:32",
        "address": "192.168.0.23",
        "netmask": "255.255.255.0",
        "family": "IPv4"
      },
      {
        "name": "Loopback Pseudo-Interface 1",
        "internal": true,
        "mac": "00:00:00:00:00:00",
        "address": "::1",
        "netmask": "ffff:ffff:ffff:ffff:ffff:ffff:ffff:ffff",
        "family": "IPv6",
        "scopeid": 0
      },
      {
        "name": "Loopback Pseudo-Interface 1",
        "internal": true,
        "mac": "00:00:00:00:00:00",
        "address": "127.0.0.1",
        "netmask": "255.0.0.0",
        "family": "IPv4"
      }
    ],
    "host": "DESKTOP-DUAKF8G"
  },
  "javascriptStack": {
    "message": "No stack.",
    "stack": [
      "Unavailable."
    ]
  },
  "nativeStack": [
    {
      "pc": "0x00007ff676f46d99",
      "symbol": "std::basic_ostream<char,std::char_traits<char> >::operator<<+10873"
    },
    {
      "pc": "0x00007ff676f4b38c",
      "symbol": "std::basic_ostream<char,std::char_traits<char> >::operator<<+28780"
    },
    {
      "pc": "0x00007ff676f4a338",
      "symbol": "std::basic_ostream<char,std::char_traits<char> >::operator<<+24600"
    },
    {
      "pc": "0x00007ff677034f3b",
      "symbol": "v8::base::CPU::has_sse+37691"
    },
    {
      "pc": "0x00007ff67781bc1e",
      "symbol": "v8::Isolate::ReportExternalAllocationLimitReached+94"
    },
    {
      "pc": "0x00007ff677803f6a",
      "symbol": "v8::SharedArrayBuffer::Externalize+842"
    },
    {
      "pc": "0x00007ff67769567c",
      "symbol": "v8::internal::Heap::EphemeronKeyWriteBarrierFromCode+1436"
    },
    {
      "pc": "0x00007ff67769d59f",
      "symbol": "v8::internal::Heap::OldGenerationSizeOfObjects+4879"
    },
    {
      "pc": "0x00007ff677693843",
      "symbol": "v8::internal::Heap::CollectGarbage+1235"
    },
    {
      "pc": "0x00007ff6776920d4",
      "symbol": "v8::internal::Heap::AddRetainedMap+2292"
    },
    {
      "pc": "0x00007ff6776b0bb5",
      "symbol": "v8::internal::Factory::NewFillerObject+53"
    },
    {
      "pc": "0x00007ff677466f2d",
      "symbol": "v8::internal::interpreter::JumpTableTargetOffsets::iterator::operator=+3757"
    },
    {
      "pc": "0x00007ff677c3b06d",
      "symbol": "v8::internal::SetupIsolateDelegate::SetupHeap+614605"
    },
    {
      "pc": "0x00007ff677baed1c",
      "symbol": "v8::internal::SetupIsolateDelegate::SetupHeap+40316"
    },
    {
      "pc": "0x000000834609c528",
      "symbol": ""
    }
  ],
  "javascriptHeap": {
    "totalMemory": 2166128640,
    "totalCommittedMemory": 2166128640,
    "usedMemory": 1935362872,
    "availableMemory": 67420352,
    "memoryLimit": 2197815296,
    "heapSpaces": {
      "read_only_space": {
        "memorySize": 262144,
        "committedMemory": 262144,
        "capacity": 261832,
        "used": 31960,
        "available": 229872
      },
      "new_space": {
        "memorySize": 33554432,
        "committedMemory": 33554432,
        "capacity": 16757248,
        "used": 2916864,
        "available": 13840384
      },
      "old_space": {
        "memorySize": 2024419328,
        "committedMemory": 2024419328,
        "capacity": 1832175912,
        "used": 1827269720,
        "available": 4906192
      },
      "code_space": {
        "memorySize": 2785280,
        "committedMemory": 2785280,
        "capacity": 2377216,
        "used": 2377216,
        "available": 0
      },
      "map_space": {
        "memorySize": 5246976,
        "committedMemory": 5246976,
        "capacity": 3093440,
        "used": 3093440,
        "available": 0
      },
      "large_object_space": {
        "memorySize": 99237888,
        "committedMemory": 99237888,
        "capacity": 99123368,
        "used": 99123368,
        "available": 0
      },
      "code_large_object_space": {
        "memorySize": 622592,
        "committedMemory": 622592,
        "capacity": 550304,
        "used": 550304,
        "available": 0
      },
      "new_large_object_space": {
        "memorySize": 0,
        "committedMemory": 0,
        "capacity": 16757248,
        "used": 0,
        "available": 16757248
      }
    }
  },
  "resourceUsage": {
    "userCpuSeconds": 445.468,
    "kernelCpuSeconds": 431.312,
    "cpuConsumptionPercent": 43.7297,
    "maxRss": 3140321280,
    "pageFaults": {
      "IORequired": 1991682,
      "IONotRequired": 0
    },
    "fsActivity": {
      "reads": 8567,
      "writes": 747
    }
  },
  "libuv": [
  ],
  "environmentVariables": {
    "ALLUSERSPROFILE": "C:\\ProgramData",
    "ANDROID_HOME": "C:\\SDK",
    "APPDATA": "C:\\Users\\张仁阳\\AppData\\Roaming",
    "asl.log=Destination": "file",
    "BABEL_ENV": "development",
    "CATALINA_Base": "C:\\program1\\apache-tomcat-9.0.19",
    "CATALINA_HOME": "C:\\program1\\apache-tomcat-9.0.19",
    "CLASSPATH": "C:\\Program Files\\Java\\jdk1.8.0_191\\lib\\dt.jar;C:\\Program Files\\Java\\jdk1.8.0_191\\lib\\tools.jar",
    "CommonProgramFiles": "C:\\Program Files\\Common Files",
    "CommonProgramFiles(x86)": "C:\\Program Files (x86)\\Common Files",
    "CommonProgramW6432": "C:\\Program Files\\Common Files",
    "COMPUTERNAME": "DESKTOP-DUAKF8G",
    "ComSpec": "C:\\WINDOWS\\system32\\cmd.exe",
    "DriverData": "C:\\Windows\\System32\\Drivers\\DriverData",
    "FPS_BROWSER_APP_PROFILE_STRING": "Internet Explorer",
    "FPS_BROWSER_USER_PROFILE_STRING": "Default",
    "FREI0R_PATH": "C:\\PROGRA~2\\APOWER~1\\VIDEOC~1\\frei0r;C:\\Program Files (x86)\\Apowersoft\\Video Converter Studio\\frei0r",
    "GRADLE_HOME": "C:\\program1\\gradle-5.4-bin\\gradle-5.4",
    "HOME": "C:\\Users\\张仁阳",
    "HOMEDRIVE": "C:",
    "HOMEPATH": "\\Users\\张仁阳",
    "INIT_CWD": "C:\\vipdata\\prepare3\\2019graphql\\client",
    "JAVA_HOME": "C:\\Program Files\\Java\\jdk1.8.0_191",
    "LOCALAPPDATA": "C:\\Users\\张仁阳\\AppData\\Local",
    "LOGONSERVER": "\\\\DESKTOP-DUAKF8G",
    "MAVEN_HOME": "C:\\program1\\apache-maven-3.5.3",
    "NODE": "C:\\Program Files\\nodejs\\node.exe",
    "NODE_ENV": "development",
    "NODE_EXE": "C:\\Program Files\\nodejs\\\\node.exe",
    "NODE_PATH": "",
    "NPM_CLI_JS": "C:\\Program Files\\nodejs\\\\node_modules\\npm\\bin\\npm-cli.js",
    "npm_config_access": "",
    "npm_config_allow_same_version": "",
    "npm_config_also": "",
    "npm_config_always_auth": "",
    "npm_config_argv": "{\"remain\":[],\"cooked\":[\"run\",\"start\"],\"original\":[\"run\",\"start\"]}",
    "npm_config_audit": "true",
    "npm_config_audit_level": "low",
    "npm_config_auth_type": "legacy",
    "npm_config_before": "",
    "npm_config_bin_links": "true",
    "npm_config_browser": "",
    "npm_config_ca": "",
    "npm_config_cache": "C:\\Users\\张仁阳\\AppData\\Roaming\\npm-cache",
    "npm_config_cache_lock_retries": "10",
    "npm_config_cache_lock_stale": "60000",
    "npm_config_cache_lock_wait": "10000",
    "npm_config_cache_max": "Infinity",
    "npm_config_cache_min": "10",
    "npm_config_cafile": "",
    "npm_config_cert": "",
    "npm_config_cidr": "",
    "npm_config_color": "true",
    "npm_config_commit_hooks": "true",
    "npm_config_depth": "Infinity",
    "npm_config_description": "true",
    "npm_config_dev": "",
    "npm_config_dry_run": "",
    "npm_config_editor": "notepad.exe",
    "npm_config_engine_strict": "",
    "npm_config_fetch_retries": "2",
    "npm_config_fetch_retry_factor": "10",
    "npm_config_fetch_retry_maxtimeout": "60000",
    "npm_config_fetch_retry_mintimeout": "10000",
    "npm_config_force": "",
    "npm_config_git": "git",
    "npm_config_git_tag_version": "true",
    "npm_config_global": "",
    "npm_config_globalconfig": "C:\\Users\\张仁阳\\AppData\\Roaming\\npm\\etc\\npmrc",
    "npm_config_globalignorefile": "C:\\Users\\张仁阳\\AppData\\Roaming\\npm\\etc\\npmignore",
    "npm_config_global_style": "",
    "npm_config_group": "",
    "npm_config_ham_it_up": "",
    "npm_config_heading": "npm",
    "npm_config_https_proxy": "",
    "npm_config_if_present": "",
    "npm_config_ignore_prepublish": "",
    "npm_config_ignore_scripts": "",
    "npm_config_init_author_email": "",
    "npm_config_init_author_name": "",
    "npm_config_init_author_url": "",
    "npm_config_init_license": "ISC",
    "npm_config_init_module": "C:\\Users\\张仁阳\\.npm-init.js",
    "npm_config_init_version": "1.0.0",
    "npm_config_json": "",
    "npm_config_key": "",
    "npm_config_legacy_bundling": "",
    "npm_config_link": "",
    "npm_config_local_address": "",
    "npm_config_loglevel": "notice",
    "npm_config_logs_max": "10",
    "npm_config_long": "",
    "npm_config_maxsockets": "50",
    "npm_config_message": "%s",
    "npm_config_metrics_registry": "https://registry.npmjs.org/",
    "npm_config_node_gyp": "C:\\Program Files\\nodejs\\node_modules\\npm\\node_modules\\node-gyp\\bin\\node-gyp.js",
    "npm_config_node_options": "",
    "npm_config_node_version": "12.8.0",
    "npm_config_noproxy": "",
    "npm_config_offline": "",
    "npm_config_onload_script": "",
    "npm_config_only": "",
    "npm_config_optional": "true",
    "npm_config_otp": "",
    "npm_config_package_lock": "true",
    "npm_config_package_lock_only": "",
    "npm_config_parseable": "",
    "npm_config_prefer_offline": "",
    "npm_config_prefer_online": "",
    "npm_config_prefix": "C:\\Users\\张仁阳\\AppData\\Roaming\\npm",
    "npm_config_preid": "",
    "npm_config_production": "",
    "npm_config_progress": "true",
    "npm_config_proxy": "",
    "npm_config_read_only": "",
    "npm_config_rebuild_bundle": "true",
    "npm_config_registry": "https://registry.npmjs.org/",
    "npm_config_rollback": "true",
    "npm_config_save": "true",
    "npm_config_save_bundle": "",
    "npm_config_save_dev": "",
    "npm_config_save_exact": "",
    "npm_config_save_optional": "",
    "npm_config_save_prefix": "^",
    "npm_config_save_prod": "",
    "npm_config_scope": "",
    "npm_config_scripts_prepend_node_path": "warn-only",
    "npm_config_script_shell": "",
    "npm_config_searchexclude": "",
    "npm_config_searchlimit": "20",
    "npm_config_searchopts": "",
    "npm_config_searchstaleness": "900",
    "npm_config_send_metrics": "",
    "npm_config_shell": "C:\\WINDOWS\\system32\\cmd.exe",
    "npm_config_shrinkwrap": "true",
    "npm_config_sign_git_commit": "",
    "npm_config_sign_git_tag": "",
    "npm_config_sso_poll_frequency": "500",
    "npm_config_sso_type": "oauth",
    "npm_config_strict_ssl": "true",
    "npm_config_tag": "latest",
    "npm_config_tag_version_prefix": "v",
    "npm_config_timing": "",
    "npm_config_tmp": "C:\\Users\\张仁阳\\AppData\\Local\\Temp",
    "npm_config_umask": "0000",
    "npm_config_unicode": "",
    "npm_config_unsafe_perm": "true",
    "npm_config_update_notifier": "true",
    "npm_config_usage": "",
    "npm_config_user": "",
    "npm_config_userconfig": "C:\\Users\\张仁阳\\.npmrc",
    "npm_config_user_agent": "npm/6.10.2 node/v12.8.0 win32 x64",
    "npm_config_version": "",
    "npm_config_versions": "",
    "npm_config_viewer": "browser",
    "npm_execpath": "C:\\Program Files\\nodejs\\node_modules\\npm\\bin\\npm-cli.js",
    "npm_lifecycle_event": "start",
    "npm_lifecycle_script": "react-scripts start",
    "npm_node_execpath": "C:\\Program Files\\nodejs\\node.exe",
    "npm_package_browserslist_development_0": "last 1 chrome version",
    "npm_package_browserslist_development_1": "last 1 firefox version",
    "npm_package_browserslist_development_2": "last 1 safari version",
    "npm_package_browserslist_production_0": ">0.2%",
    "npm_package_browserslist_production_1": "not dead",
    "npm_package_browserslist_production_2": "not op_mini all",
    "npm_package_dependencies_apollo_boost": "^0.4.4",
    "npm_package_dependencies_bootstrap": "^3.4.1",
    "npm_package_dependencies_graphql": "^14.5.8",
    "npm_package_dependencies_react": "^16.12.0",
    "npm_package_dependencies_react_dom": "^16.12.0",
    "npm_package_dependencies_react_scripts": "3.2.0",
    "npm_package_dependencies_typescript": "3.7.2",
    "npm_package_dependencies__apollo_react_hooks": "^3.1.3",
    "npm_package_dependencies__types_jest": "24.0.23",
    "npm_package_dependencies__types_node": "12.12.8",
    "npm_package_dependencies__types_react": "16.9.11",
    "npm_package_dependencies__types_react_dom": "16.9.4",
    "npm_package_description": "This project was bootstrapped with [Create React App](https://github.com/facebook/create-react-app).",
    "npm_package_eslintConfig_extends": "react-app",
    "npm_package_gitHead": "3b5113b8262804ca444281d76d199d5f96172669",
    "npm_package_name": "client",
    "npm_package_private": "true",
    "npm_package_readmeFilename": "README.md",
    "npm_package_scripts_build": "react-scripts build",
    "npm_package_scripts_eject": "react-scripts eject",
    "npm_package_scripts_start": "react-scripts start",
    "npm_package_scripts_test": "react-scripts test",
    "npm_package_version": "0.1.0",
    "NPM_PREFIX_NPM_CLI_JS": "C:\\Users\\寮犱粊闃砛AppData\\Roaming\\npm\\node_modules\\npm\\bin\\npm-cli.js",
    "NUMBER_OF_PROCESSORS": "8",
    "OneDrive": "C:\\Users\\张仁阳\\OneDrive",
    "OneDriveConsumer": "C:\\Users\\张仁阳\\OneDrive",
    "OS": "Windows_NT",
    "Path": "C:\\Program Files\\nodejs\\node_modules\\npm\\node_modules\\npm-lifecycle\\node-gyp-bin;C:\\vipdata\\prepare3\\2019graphql\\client\\node_modules\\.bin;C:\\Program Files (x86)\\Common Files\\NetSarang;C:\\Program Files (x86)\\Common Files\\Oracle\\Java\\javapath;C:\\Program Files (x86)\\Intel\\Intel(R) Management Engine Components\\iCLS\\;C:\\Program Files\\Intel\\Intel(R) Management Engine Components\\iCLS\\;C:\\Windows\\system32;C:\\Windows;C:\\Windows\\System32\\Wbem;C:\\Windows\\System32\\WindowsPowerShell\\v1.0\\;C:\\Program Files (x86)\\Intel\\Intel(R) Management Engine Components\\DAL;C:\\Program Files\\Intel\\Intel(R) Management Engine Components\\DAL;C:\\Program Files (x86)\\Intel\\Intel(R) Management Engine Components\\IPT;C:\\Program Files\\Intel\\Intel(R) Management Engine Components\\IPT;C:\\Program Files (x86)\\NVIDIA Corporation\\PhysX\\Common;C:\\Program Files\\Git\\cmd;C:\\WINDOWS\\system32;C:\\WINDOWS;C:\\WINDOWS\\System32\\Wbem;C:\\WINDOWS\\System32\\WindowsPowerShell\\v1.0\\;C:\\WINDOWS\\System32\\OpenSSH\\;C:\\Program Files\\MySQL\\MySQL Server 5.5\\bin;C:\\program1\\apache-maven-3.5.3\\bin;C:\\Program Files\\Intel\\WiFi\\bin\\;C:\\Program Files\\Common Files\\Intel\\WirelessCommon\\;C:\\Program Files\\Redis\\;C:\\Program Files\\nodejs\\;C:\\Program Files\\Pandoc\\;C:\\Users\\张仁阳\\AppData\\Local\\Microsoft\\WindowsApps;C:\\program1\\apache-maven-3.5.3\\bin;C:\\program1\\elasticsearch-6.5.4\\bin;C:\\Program Files\\Java\\jdk1.8.0_191\\bin;C:\\Users\\张仁阳\\AppData\\Local\\Programs\\EmEditor;C:\\program1\\MongoDB\\bin;C:\\program1\\gradle-5.4-bin\\gradle-5.4\\bin;C:\\program1\\flutter\\bin;C:\\SDK\\platform-tools;C:\\SDK\\tools​​​​​​​;C:\\Users\\张仁阳\\AppData\\Local\\Programs\\Fiddler;C:\\Users\\张仁阳\\AppData\\Roaming\\npm;;C:\\Users\\张仁阳\\AppData\\Local\\Microsoft\\WindowsApps;C:\\Users\\张仁阳\\AppData\\Local\\Programs\\Microsoft VS Code2\\bin",
    "PATHEXT": ".COM;.EXE;.BAT;.CMD;.VBS;.VBE;.JSE;.WSF;.WSH;.MSC",
    "PROCESSOR_ARCHITECTURE": "AMD64",
    "PROCESSOR_IDENTIFIER": "Intel64 Family 6 Model 142 Stepping 10, GenuineIntel",
    "PROCESSOR_LEVEL": "6",
    "PROCESSOR_REVISION": "8e0a",
    "ProgramData": "C:\\ProgramData",
    "ProgramFiles": "C:\\Program Files",
    "ProgramFiles(x86)": "C:\\Program Files (x86)",
    "ProgramW6432": "C:\\Program Files",
    "PROMPT": "$P$G",
    "PSModulePath": "C:\\Program Files\\WindowsPowerShell\\Modules;C:\\WINDOWS\\system32\\WindowsPowerShell\\v1.0\\Modules",
    "PUBLIC": "C:\\Users\\Public",
    "SESSIONNAME": "Console",
    "SystemDrive": "C:",
    "SystemRoot": "C:\\WINDOWS",
    "TEMP": "C:\\Users\\张仁阳\\AppData\\Local\\Temp",
    "TMP": "C:\\Users\\张仁阳\\AppData\\Local\\Temp",
    "USERDOMAIN": "DESKTOP-DUAKF8G",
    "USERDOMAIN_ROAMINGPROFILE": "DESKTOP-DUAKF8G",
    "USERNAME": "张仁阳",
    "USERPROFILE": "C:\\Users\\张仁阳",
    "windir": "C:\\WINDOWS"
  },
  "sharedObjects": [
    "C:\\Program Files\\nodejs\\node.exe",
    "C:\\WINDOWS\\SYSTEM32\\ntdll.dll",
    "C:\\WINDOWS\\System32\\KERNEL32.DLL",
    "C:\\WINDOWS\\System32\\KERNELBASE.dll",
    "C:\\WINDOWS\\System32\\WS2_32.dll",
    "C:\\WINDOWS\\System32\\RPCRT4.dll",
    "C:\\WINDOWS\\SYSTEM32\\dbghelp.dll",
    "C:\\WINDOWS\\System32\\ADVAPI32.dll",
    "C:\\WINDOWS\\System32\\ucrtbase.dll",
    "C:\\WINDOWS\\System32\\msvcrt.dll",
    "C:\\WINDOWS\\System32\\sechost.dll",
    "C:\\WINDOWS\\System32\\USER32.dll",
    "C:\\WINDOWS\\System32\\win32u.dll",
    "C:\\WINDOWS\\System32\\GDI32.dll",
    "C:\\WINDOWS\\System32\\gdi32full.dll",
    "C:\\WINDOWS\\System32\\msvcp_win.dll",
    "C:\\WINDOWS\\System32\\PSAPI.DLL",
    "C:\\WINDOWS\\System32\\CRYPT32.dll",
    "C:\\WINDOWS\\System32\\MSASN1.dll",
    "C:\\WINDOWS\\System32\\bcrypt.dll",
    "C:\\WINDOWS\\SYSTEM32\\IPHLPAPI.DLL",
    "C:\\WINDOWS\\SYSTEM32\\USERENV.dll",
    "C:\\WINDOWS\\System32\\profapi.dll",
    "C:\\WINDOWS\\SYSTEM32\\WINMM.dll",
    "C:\\WINDOWS\\SYSTEM32\\winmmbase.dll",
    "C:\\WINDOWS\\System32\\cfgmgr32.dll",
    "C:\\WINDOWS\\System32\\bcryptPrimitives.dll",
    "C:\\WINDOWS\\System32\\IMM32.DLL",
    "C:\\WINDOWS\\System32\\powrprof.dll",
    "C:\\WINDOWS\\System32\\UMPDC.dll",
    "C:\\WINDOWS\\system32\\uxtheme.dll",
    "C:\\WINDOWS\\System32\\combase.dll",
    "C:\\WINDOWS\\system32\\mswsock.dll",
    "C:\\WINDOWS\\System32\\kernel.appcore.dll",
    "C:\\WINDOWS\\SYSTEM32\\CRYPTBASE.DLL",
    "C:\\WINDOWS\\System32\\NSI.dll",
    "C:\\WINDOWS\\SYSTEM32\\dhcpcsvc6.DLL",
    "C:\\WINDOWS\\SYSTEM32\\dhcpcsvc.DLL",
    "C:\\WINDOWS\\SYSTEM32\\DNSAPI.dll",
    "C:\\WINDOWS\\system32\\napinsp.dll",
    "C:\\WINDOWS\\system32\\pnrpnsp.dll",
    "C:\\WINDOWS\\System32\\winrnr.dll",
    "C:\\WINDOWS\\system32\\NLAapi.dll",
    "C:\\WINDOWS\\system32\\wshbth.dll",
    "C:\\Windows\\System32\\rasadhlp.dll",
    "C:\\WINDOWS\\System32\\fwpuclnt.dll"
  ]
}